family,seed,subject,accuracy_gap_minus_flat,macro_f1_gap_minus_flat,mse_gap_minus_flat,prd_c_gap_minus_flat
MTL,42,S13,0.0915619389587074,0.056479306418403596,-0.0071254197776858645,-4.584525243455532
MTL,42,S14,0.14078282828282823,0.10856580727142423,-0.01090370664137527,-4.660658634822777
MTL,42,S15,0.028236914600551,0.028911664969761663,-0.002187179989225876,-5.510808996917787
MTL,43,S13,0.028725314183123907,-0.011909977287818063,-0.004854967852184668,-3.699759101667923
MTL,43,S14,0.06944444444444442,0.009390783890097898,-0.007238934188553868,-3.4430549194415416
MTL,43,S15,0.058539944903581276,0.06708767055256898,-0.0017849406159700814,-3.9801191177742536
MTL,44,S13,0.03411131059245959,-0.006710531456836977,-0.0022453661753898038,-1.3156712677291882
MTL,44,S14,0.014520202020201989,-0.016018779454894327,-0.004553868544793328,-1.5623317138113153
MTL,44,S15,-0.019972451790633616,-0.04406611424974893,-0.0008091439530823461,-0.9957785466814171
CNN,42,S13,0.0819868342309994,0.06034530225609369,,
CNN,42,S14,0.11931818181818177,0.07431674656099857,,
CNN,42,S15,0.05303030303030304,0.038771281482324615,,
CNN,43,S13,0.14302812687013766,0.14517994847885352,,
CNN,43,S14,0.14393939393939398,0.15929433494158363,,
CNN,43,S15,0.03856749311294766,0.011324335542826969,,
CNN,44,S13,0.12627169359664875,0.0924041682585619,,
CNN,44,S14,0.11174242424242425,0.07412836630039676,,
CNN,44,S15,0.020661157024793375,0.02371636869865784,,
