epoch,gamma,train_total_loss,train_classification_loss,train_reconstruction_loss,val_total_loss,val_classification_loss,val_reconstruction_loss,val_subject_accuracy,val_subject_macro_f1,val_subject_reconstruction_mse
1,1.0,1.8548278393861979,1.7967761421673318,0.05805169829561225,1.6172367642289176,1.593695777941451,0.02354098120016161,0.41619528224703844,0.28438006439397767,0.024866528722708264
2,1.0,1.5437716652380642,1.536314918446045,0.007456744617443778,1.5273338409168082,1.5196576050788506,0.007676240135879015,0.431025276590268,0.2971811657154803,0.0080676219379746
3,1.0,1.4276721941472317,1.4219298887061447,0.00574230281486618,1.4674577769413306,1.4637664692344765,0.00369130893302352,0.44230666983939554,0.3202220948305426,0.003852930932682666
4,1.0,1.323823939270888,1.3194834435782004,0.004340495840285826,1.5013340555831942,1.4961655066242299,0.005168555625599048,0.4453349801920119,0.3381019059845127,0.005322472561651141
5,1.0,1.2249861195330114,1.2197121420031871,0.005273982082211251,1.488351810259288,1.4742547165154691,0.014097092691182683,0.4404432752999985,0.3642811069066078,0.015013392796721864
6,1.0,1.1095911534499705,1.1042904478926938,0.005300705498699418,1.6515442432953074,1.6460562084242927,0.005488041399085404,0.4483165780236058,0.36463842877844804,0.005790033782497608
7,1.0,0.9834755711379777,0.9786243309204007,0.004851241221747252,1.8759968641036133,1.8697447928236073,0.006252072693490186,0.43924878043153165,0.3629194095374011,0.006571655833826448
8,1.0,0.8586617700464749,0.85394138792317,0.004720381245870566,1.9897593028448899,1.9825383731002224,0.007220930172922099,0.4122775149387669,0.3416722551369302,0.007596095818716476
9,1.0,0.7325352823416797,0.7275502747229876,0.004985009674975001,2.229071529525517,2.2246932854517043,0.0043782539761700046,0.4092646829048954,0.3477674442058634,0.004573366889419968
10,1.0,0.6262037664032122,0.6215693508869798,0.004634416455335695,2.6286701832303394,2.62338096864607,0.005289214130889273,0.41457692546448266,0.34951448693772047,0.005509007480286633
11,1.0,0.52655941159653,0.522040922839204,0.004518488595389246,2.4610901717955325,2.45391739487576,0.007172780464123391,0.40300984220097463,0.35035846039518703,0.0075476748718947455
12,1.0,0.4700024597751794,0.4653217294450138,0.004680731001271656,2.923304071627034,2.918850500170364,0.004453572244084329,0.41598660146975575,0.35151399308928716,0.004652626670344026
13,1.0,0.3905468467224779,0.38686620340822214,0.0036806440380439624,3.405089472413951,3.400817766812622,0.004271691712772634,0.39767249739446076,0.33078386078138766,0.004471566368493623
14,1.0,0.3382509553923915,0.3345477155289133,0.003703240562326845,3.6567678130654615,3.6493176317368565,0.007450196419142971,0.38941301937555695,0.33076887861687293,0.007924582324112217
15,1.0,0.30648411498457706,0.30286975056531,0.003614364484350874,4.013858856414678,4.00928358636153,0.004575297339287429,0.4084007966424077,0.3391066246940094,0.0047903007639964156
16,1.0,0.2904645046888586,0.2868047297414051,0.0036597752067695694,4.066548792149955,4.062572628217659,0.003976163240695248,0.39339190645006267,0.333908395071663,0.004156552582381296
