graph,session,latency_mean_ms,latency_median_ms,latency_p95_ms
MTL-GAP-full,1,0.41562350000000003,0.3595,0.6865699999999999
MTL-GAP-full,2,0.47225090000000003,0.4122,0.7520149999999999
MTL-GAP-full,3,0.4158449,0.3616,0.6623749999999999
MTL-GAP-classification-only,1,0.2438274,0.20955000000000001,0.38669999999999993
MTL-GAP-classification-only,2,0.235373,0.20525,0.379025
MTL-GAP-classification-only,3,0.23168779999999997,0.20129999999999998,0.3681949999999999
MTL-Flat-full,1,0.49800790000000006,0.4341,0.8020549999999999
MTL-Flat-full,2,0.4759349,0.4179,0.7419999999999999
MTL-Flat-full,3,0.4814925,0.42269999999999996,0.765725
MTL-Flat-classification-only,1,0.3173216,0.27135,0.5228050000000001
MTL-Flat-classification-only,2,0.319481,0.2722,0.5252799999999999
MTL-Flat-classification-only,3,0.3132518,0.26680000000000004,0.51708
CNN-GAP,1,0.31039999999999995,0.30735,0.46881999999999996
CNN-GAP,2,0.2555763,0.2143,0.40375999999999995
CNN-GAP,3,0.25058969999999997,0.2082,0.40292999999999995
CNN-Flat,1,0.3606014,0.32535000000000003,0.59741
CNN-Flat,2,0.31488059999999995,0.27235,0.51803
CNN-Flat,3,0.34296360000000004,0.28985000000000005,0.5399449999999998
AE,1,0.3825667,0.33185,0.586365
AE,2,0.3851936,0.33875,0.5770099999999999
AE,3,0.4057041,0.35819999999999996,0.6615949999999999
