subject,duration_s,bvp_samples,activity_samples,repeat_factor,alignment_length_diff,nonfinite_bvp_samples,unique_kept_seconds,candidate_windows,kept_windows,rejected_nonfinite,rejected_invalid_label,rejected_transition
S1,9212.0,589568,36848,16,0,0,6908.0,2302,1719,0,583,0
S2,8205.0,525120,32820,16,0,0,5644.0,2050,1403,0,647,0
S3,8741.0,559424,34964,16,0,0,6688.0,2184,1664,0,520,0
S4,9150.0,585600,36600,16,0,0,6608.0,2286,1644,0,642,0
S5,9305.0,595520,37220,16,0,0,6708.0,2325,1669,0,656,0
S6,5250.0,336000,21000,16,0,0,2932.0,1311,728,0,583,0
S7,9343.0,597952,37372,16,0,0,7108.0,2334,1769,0,565,0
S8,8080.0,517120,32320,16,0,0,5980.0,2019,1487,0,532,0
S9,8560.0,547840,34240,16,0,0,6520.0,2139,1622,0,517,0
S10,10648.0,681472,42592,16,0,0,7088.0,2661,1764,0,897,0
S11,9048.0,579072,36192,16,0,0,6984.0,2261,1738,0,523,0
S12,7914.0,506496,31656,16,0,0,5892.0,1977,1465,0,512,0
S13,9136.0,584704,36544,16,0,0,6716.0,2283,1671,0,612,0
S14,8958.0,573312,35832,16,0,0,6368.0,2238,1584,0,654,0
S15,7939.0,508096,31756,16,0,0,5840.0,1983,1452,0,531,0
