subject,class_id,raw_label,activity,kept_windows,unique_duration_s
S1,0,1,BASELINE,173,696.0
S1,1,2,STAIRS,70,284.0
S1,2,3,SOCCER,84,340.0
S1,3,4,CYCLING,101,408.0
S1,4,5,DRIVING,221,888.0
S1,5,6,LUNCH,587,2352.0
S1,6,7,WALKING,187,752.0
S1,7,8,WORKING,296,1188.0
S2,0,1,BASELINE,148,596.0
S2,1,2,STAIRS,65,264.0
S2,2,3,SOCCER,74,300.0
S2,3,4,CYCLING,95,384.0
S2,4,5,DRIVING,228,916.0
S2,5,6,LUNCH,303,1216.0
S2,6,7,WALKING,170,684.0
S2,7,8,WORKING,320,1284.0
S3,0,1,BASELINE,148,596.0
S3,1,2,STAIRS,107,432.0
S3,2,3,SOCCER,71,288.0
S3,3,4,CYCLING,92,372.0
S3,4,5,DRIVING,225,904.0
S3,5,6,LUNCH,538,2156.0
S3,6,7,WALKING,183,736.0
S3,7,8,WORKING,300,1204.0
S4,0,1,BASELINE,141,568.0
S4,1,2,STAIRS,129,520.0
S4,2,3,SOCCER,80,324.0
S4,3,4,CYCLING,117,472.0
S4,4,5,DRIVING,250,1004.0
S4,5,6,LUNCH,472,1892.0
S4,6,7,WALKING,147,592.0
S4,7,8,WORKING,308,1236.0
S5,0,1,BASELINE,148,596.0
S5,1,2,STAIRS,115,464.0
S5,2,3,SOCCER,71,288.0
S5,3,4,CYCLING,107,432.0
S5,4,5,DRIVING,205,824.0
S5,5,6,LUNCH,562,2252.0
S5,6,7,WALKING,145,584.0
S5,7,8,WORKING,316,1268.0
S6,0,1,BASELINE,156,628.0
S6,1,2,STAIRS,106,428.0
S6,2,3,SOCCER,75,304.0
S6,3,4,CYCLING,131,528.0
S6,4,5,DRIVING,260,1044.0
S6,5,6,LUNCH,0,0.0
S6,6,7,WALKING,0,0.0
S6,7,8,WORKING,0,0.0
S7,0,1,BASELINE,152,612.0
S7,1,2,STAIRS,100,404.0
S7,2,3,SOCCER,66,268.0
S7,3,4,CYCLING,123,496.0
S7,4,5,DRIVING,257,1032.0
S7,5,6,LUNCH,604,2420.0
S7,6,7,WALKING,175,704.0
S7,7,8,WORKING,292,1172.0
S8,0,1,BASELINE,148,596.0
S8,1,2,STAIRS,101,408.0
S8,2,3,SOCCER,79,320.0
S8,3,4,CYCLING,104,420.0
S8,4,5,DRIVING,191,768.0
S8,5,6,LUNCH,448,1796.0
S8,6,7,WALKING,119,480.0
S8,7,8,WORKING,297,1192.0
S9,0,1,BASELINE,148,596.0
S9,1,2,STAIRS,118,476.0
S9,2,3,SOCCER,69,280.0
S9,3,4,CYCLING,137,552.0
S9,4,5,DRIVING,237,952.0
S9,5,6,LUNCH,458,1836.0
S9,6,7,WALKING,146,588.0
S9,7,8,WORKING,309,1240.0
S10,0,1,BASELINE,148,596.0
S10,1,2,STAIRS,115,464.0
S10,2,3,SOCCER,75,304.0
S10,3,4,CYCLING,120,484.0
S10,4,5,DRIVING,233,936.0
S10,5,6,LUNCH,519,2080.0
S10,6,7,WALKING,269,1080.0
S10,7,8,WORKING,285,1144.0
S11,0,1,BASELINE,148,596.0
S11,1,2,STAIRS,112,452.0
S11,2,3,SOCCER,79,320.0
S11,3,4,CYCLING,121,488.0
S11,4,5,DRIVING,213,856.0
S11,5,6,LUNCH,600,2404.0
S11,6,7,WALKING,162,652.0
S11,7,8,WORKING,303,1216.0
S12,0,1,BASELINE,149,600.0
S12,1,2,STAIRS,119,480.0
S12,2,3,SOCCER,68,276.0
S12,3,4,CYCLING,118,476.0
S12,4,5,DRIVING,221,888.0
S12,5,6,LUNCH,363,1456.0
S12,6,7,WALKING,131,528.0
S12,7,8,WORKING,296,1188.0
S13,0,1,BASELINE,149,600.0
S13,1,2,STAIRS,122,492.0
S13,2,3,SOCCER,71,288.0
S13,3,4,CYCLING,122,492.0
S13,4,5,DRIVING,223,896.0
S13,5,6,LUNCH,505,2024.0
S13,6,7,WALKING,175,704.0
S13,7,8,WORKING,304,1220.0
S14,0,1,BASELINE,150,604.0
S14,1,2,STAIRS,112,452.0
S14,2,3,SOCCER,80,324.0
S14,3,4,CYCLING,124,500.0
S14,4,5,DRIVING,236,948.0
S14,5,6,LUNCH,431,1728.0
S14,6,7,WALKING,152,612.0
S14,7,8,WORKING,299,1200.0
S15,0,1,BASELINE,151,608.0
S15,1,2,STAIRS,102,412.0
S15,2,3,SOCCER,86,348.0
S15,3,4,CYCLING,99,400.0
S15,4,5,DRIVING,194,780.0
S15,5,6,LUNCH,358,1436.0
S15,6,7,WALKING,163,656.0
S15,7,8,WORKING,299,1200.0
